﻿{
    "Email":  {
                  "Password":  "",
                  "Usuario":  "usuario@empresa.com",
                  "Activar":  false,
                  "Desde":  "alerta@empresa.com",
                  "Para":  "soporte@empresa.com",
                  "ServidorSMTP":  "smtp.office365.com",
                  "Puerto":  587
              },
    "Impresoras":  [
                       {
                           "Color":  "Teal",
                           "Nombre":  "Ejemplo HP",
                           "IP":  "192.168.1.50"
                       }
                   ],
    "General":  {
                    "TimeoutPing":  1000,
                    "LogPath":  "C:\\Users\\soportetecnico_habi\\Desktop\\ReporteRed_20251216.csv",
                    "IntervaloSeg":  2,
                    "NombreTecnico":  "soportetecnico_habi",
                    "AlertaSonora":  true,
                    "UmbralLentitud":  150
                },
    "Servicios":  [
                      {
                          "Color":  "Blue",
                          "Nombre":  "Gateway",
                          "IP":  "AUTO"
                      },
                      {
                          "Color":  "Green",
                          "Nombre":  "Google",
                          "IP":  "8.8.8.8"
                      },
                      {
                          "Color":  "OrangeRed",
                          "Nombre":  "Cloudflare",
                          "IP":  "1.1.1.1"
                      },
                      {
                          "Color":  "Purple",
                          "Nombre":  "Office365",
                          "IP":  "outlook.office365.com"
                      }
                  ]
}
